consultation_id,user_id,consultant_id,date,duration,price,completed
5001,1934,209,2024-03-23,45,80,True
5002,1538,211,2024-03-16,45,80,True
5003,1210,232,2024-03-22,30,120,False
5004,1604,206,2024-05-11,45,40,True
5005,1637,216,2024-04-17,60,60,True
5006,1947,209,2024-06-15,60,40,False
5007,1073,230,2024-07-11,30,80,True
5008,1992,205,2024-03-07,60,40,True
5009,1635,216,2024-04-20,30,40,True
5010,1309,249,2024-05-04,30,60,True
5011,1696,236,2024-03-09,60,60,True
5012,1699,217,2024-05-21,60,80,True
5013,1710,225,2024-04-14,45,60,False
5014,1590,248,2024-06-30,45,60,True
5015,1860,215,2024-08-22,45,60,True
5016,1186,207,2024-07-30,45,80,True
5017,1856,223,2024-03-10,30,60,True
5018,1253,212,2024-05-12,90,60,False
5019,1013,228,2024-04-17,60,60,True
5020,1299,231,2024-08-10,60,40,True
5021,1076,223,2024-05-26,45,80,True
5022,1051,215,2024-06-19,60,40,True
5023,1787,210,2024-03-16,45,120,True
5024,1149,231,2024-04-22,30,60,True
5025,1731,205,2024-04-09,30,80,True
5026,1122,234,2024-06-08,60,80,True
5027,1211,232,2024-03-20,90,60,True
5028,1280,217,2024-05-08,30,80,True
5029,1538,236,2024-04-14,30,60,True
5030,1685,212,2024-03-06,45,60,False
5031,1156,209,2024-08-24,60,60,True
5032,1238,236,2024-04-08,30,60,False
5033,1376,225,2024-06-10,30,80,True
5034,1082,245,2024-07-08,60,40,False
5035,1492,216,2024-06-15,45,80,True
5036,1356,200,2024-04-08,30,60,True
5037,1925,224,2024-06-26,30,60,True
5038,1273,233,2024-07-27,60,120,True
5039,1580,238,2024-08-15,45,80,True
5040,1044,209,2024-05-21,90,80,True
5041,1573,219,2024-04-23,60,80,True
5042,1123,206,2024-06-18,30,120,True
5043,1349,215,2024-03-12,45,40,True
5044,1708,236,2024-08-12,45,80,True
5045,1330,228,2024-06-18,30,60,True
5046,1409,211,2024-04-07,90,40,True
5047,1991,216,2024-07-21,60,40,True
5048,1323,247,2024-03-07,30,60,True
5049,1111,219,2024-05-17,30,60,True
5050,1770,225,2024-08-25,30,80,True
5051,1089,247,2024-05-04,30,80,False
5052,1433,218,2024-06-10,45,60,True
5053,1710,246,2024-06-09,45,40,False
5054,1794,211,2024-04-13,90,60,True
5055,1712,220,2024-03-31,30,60,False
5056,1099,241,2024-08-18,45,80,False
5057,1539,233,2024-05-16,60,40,True
5058,1601,206,2024-04-17,45,60,True
5059,1146,244,2024-05-21,30,120,True
5060,1694,234,2024-07-05,30,80,True
5061,1257,214,2024-05-23,45,80,False
5062,1189,200,2024-03-10,90,80,False
5063,1240,225,2024-03-29,90,40,True
5064,1871,234,2024-04-17,90,40,False
5065,1899,224,2024-06-24,60,80,False
5066,1503,241,2024-03-13,45,80,True
5067,1708,214,2024-08-19,90,60,True
5068,1809,221,2024-04-16,90,40,True
5069,1677,205,2024-06-11,45,80,True
5070,1819,214,2024-05-30,30,40,True
5071,1271,223,2024-04-22,45,40,True
5072,1520,220,2024-05-31,30,60,True
5073,1550,206,2024-05-16,30,60,True
5074,1114,228,2024-04-13,90,40,False
5075,1339,231,2024-08-03,90,40,True
5076,1568,231,2024-03-02,30,80,True
5077,1943,204,2024-06-09,45,60,False
5078,1986,203,2024-04-26,60,60,True
5079,1359,221,2024-04-26,60,60,True
5080,1650,217,2024-04-03,45,120,True
5081,1614,234,2024-04-27,60,40,True
5082,1334,216,2024-08-27,60,40,False
5083,1689,249,2024-08-04,90,80,True
5084,1169,249,2024-04-04,45,40,True
5085,1339,223,2024-05-14,30,60,True
5086,1798,201,2024-08-23,90,60,False
5087,1261,212,2024-04-02,30,120,True
5088,1887,214,2024-06-23,60,80,False
5089,1735,204,2024-05-14,30,120,True
5090,1199,202,2024-05-12,45,40,False
5091,1211,236,2024-05-17,45,80,False
5092,1287,236,2024-03-09,30,40,True
5093,1692,236,2024-04-17,90,80,True
5094,1762,202,2024-05-06,30,80,False
5095,1743,234,2024-08-11,60,40,True
5096,1472,222,2024-06-27,60,80,False
5097,1482,227,2024-08-19,45,40,True
5098,1023,229,2024-07-11,60,60,True
5099,1560,217,2024-06-27,30,120,True
5100,1109,235,2024-05-25,60,40,True
5101,1296,232,2024-06-14,45,40,True
5102,1006,225,2024-05-15,45,60,True
5103,1550,247,2024-04-09,45,80,True
5104,1681,239,2024-03-19,60,40,False
5105,1868,216,2024-04-16,90,60,True
5106,1795,239,2024-05-04,30,80,True
5107,1203,206,2024-07-24,45,40,False
5108,1325,207,2024-08-25,30,60,True
5109,1825,230,2024-03-30,60,80,True
5110,1785,211,2024-07-04,30,60,True
5111,1244,247,2024-05-05,60,80,True
5112,1327,230,2024-03-05,30,40,True
5113,1987,243,2024-06-01,45,120,True
5114,1047,218,2024-06-05,60,120,False
5115,1761,209,2024-08-17,60,40,True
5116,1591,238,2024-06-02,60,40,True
5117,1622,211,2024-06-14,45,120,False
5118,1013,219,2024-07-11,60,60,True
5119,1907,236,2024-08-25,45,60,True
5120,1380,247,2024-05-24,90,80,False
5121,1365,240,2024-04-27,45,80,True
5122,1602,206,2024-05-18,45,80,False
5123,1342,213,2024-03-08,30,40,True
5124,1860,210,2024-08-06,45,40,True
5125,1792,206,2024-03-12,30,80,True
5126,1221,228,2024-07-27,60,80,True
5127,1073,209,2024-06-02,60,80,True
5128,1746,228,2024-05-30,90,120,False
5129,1772,208,2024-04-02,30,80,False
5130,1625,235,2024-08-01,30,40,True
5131,1046,247,2024-06-08,60,80,False
5132,1504,209,2024-08-15,45,60,True
5133,1274,218,2024-03-15,45,40,True
5134,1555,230,2024-06-22,60,60,True
5135,1208,216,2024-07-07,45,80,True
5136,1929,208,2024-03-11,30,120,False
5137,1861,244,2024-04-24,60,60,True
5138,1615,232,2024-03-02,30,40,False
5139,1124,233,2024-05-04,60,60,True
5140,1010,244,2024-08-19,30,80,True
5141,1329,223,2024-03-16,60,80,True
5142,1187,208,2024-07-28,30,60,False
5143,1543,206,2024-06-14,60,80,True
5144,1668,215,2024-07-24,30,40,True
5145,1060,218,2024-08-22,60,60,True
5146,1761,238,2024-03-30,45,60,True
5147,1899,205,2024-03-10,30,80,True
5148,1886,249,2024-05-01,60,40,True
5149,1951,210,2024-05-24,45,80,False
5150,1782,211,2024-07-12,30,60,True
5151,1442,241,2024-05-06,30,60,True
5152,1217,212,2024-04-10,45,60,True
5153,1911,211,2024-08-18,30,60,True
5154,1002,220,2024-03-18,30,60,False
5155,1536,209,2024-04-27,30,80,True
5156,1718,219,2024-04-29,60,60,True
5157,1832,249,2024-05-27,45,80,True
5158,1711,235,2024-03-27,30,60,False
5159,1356,227,2024-05-07,90,60,False
5160,1626,223,2024-03-22,60,60,True
5161,1792,204,2024-07-30,30,120,True
5162,1667,236,2024-04-09,30,60,True
5163,1165,211,2024-06-17,90,40,True
5164,1998,234,2024-05-13,45,120,True
5165,1734,239,2024-05-05,45,40,True
5166,1091,201,2024-08-15,45,80,True
5167,1167,249,2024-03-06,60,40,True
5168,1959,240,2024-06-20,30,80,False
5169,1207,244,2024-03-18,60,40,True
5170,1282,238,2024-05-20,60,120,True
5171,1065,241,2024-06-10,45,60,True
5172,1888,208,2024-06-18,60,60,True
5173,1516,221,2024-03-30,30,40,True
5174,1157,246,2024-06-30,45,60,True
5175,1761,204,2024-07-27,45,80,True
5176,1769,211,2024-05-01,45,60,True
5177,1747,200,2024-07-16,30,40,False
5178,1306,243,2024-06-28,45,60,True
5179,1878,221,2024-06-15,30,60,True
5180,1982,237,2024-07-19,30,40,True
5181,1395,218,2024-05-15,30,40,True
5182,1074,215,2024-03-09,60,80,True
5183,1187,230,2024-04-08,30,120,True
5184,1574,202,2024-03-24,60,40,False
5185,1337,222,2024-07-03,30,80,False
5186,1676,241,2024-06-26,30,40,True
5187,1568,217,2024-04-03,45,60,True
5188,1623,225,2024-04-30,30,60,True
5189,1730,212,2024-08-16,45,60,True
5190,1240,217,2024-07-11,45,60,True
5191,1533,202,2024-05-18,90,80,True
5192,1141,222,2024-04-19,90,120,True
5193,1265,202,2024-07-10,45,40,True
5194,1139,224,2024-04-20,60,60,True
5195,1459,226,2024-04-21,30,120,True
5196,1070,243,2024-06-30,45,60,True
5197,1385,226,2024-08-14,60,80,False
5198,1630,238,2024-03-08,30,60,True
5199,1198,224,2024-06-21,30,60,False
5200,1205,223,2024-04-14,30,40,True
5201,1726,207,2024-05-27,45,80,False
5202,1568,208,2024-03-28,45,80,True
5203,1799,245,2024-06-27,45,60,False
5204,1982,236,2024-06-15,45,80,True
5205,1805,229,2024-03-27,45,60,True
5206,1687,218,2024-08-09,60,40,True
5207,1859,215,2024-05-20,30,80,True
5208,1882,223,2024-06-09,60,60,True
5209,1974,243,2024-05-01,60,60,True
5210,1640,220,2024-05-01,60,60,True
5211,1431,235,2024-08-13,60,120,True
5212,1890,239,2024-03-26,45,80,True
5213,1325,238,2024-06-29,30,80,True
5214,1442,246,2024-03-24,45,40,True
5215,1804,205,2024-04-08,90,80,False
5216,1288,204,2024-07-02,45,40,False
5217,1226,213,2024-03-21,30,120,False
5218,1064,244,2024-06-02,30,40,False
5219,1967,241,2024-08-22,90,60,True
5220,1938,249,2024-06-23,30,60,False
5221,1560,203,2024-08-23,30,80,True
5222,1714,207,2024-06-29,45,80,True
5223,1498,223,2024-03-13,90,60,False
5224,1849,210,2024-07-09,45,60,True
5225,1926,216,2024-08-07,45,80,True
5226,1917,249,2024-08-10,60,40,True
5227,1060,220,2024-03-19,30,80,True
5228,1397,225,2024-07-20,60,120,True
5229,1257,242,2024-08-23,45,40,True
5230,1577,247,2024-05-20,45,40,True
5231,1239,243,2024-07-01,60,60,True
5232,1801,244,2024-05-07,90,40,True
5233,1038,226,2024-08-20,45,60,True
5234,1025,215,2024-03-19,30,80,False
5235,1410,225,2024-05-03,60,60,True
5236,1461,232,2024-06-09,45,40,False
5237,1571,230,2024-05-05,90,80,True
5238,1988,247,2024-05-05,90,80,True
5239,1417,246,2024-05-14,30,120,True
5240,1357,205,2024-04-14,90,40,True
5241,1383,243,2024-05-26,45,80,True
5242,1809,207,2024-05-06,60,120,True
5243,1158,206,2024-03-03,30,60,True
5244,1569,233,2024-08-13,60,60,True
5245,1433,243,2024-08-17,60,40,True
5246,1048,213,2024-08-15,60,80,False
5247,1328,215,2024-08-25,90,60,True
5248,1433,242,2024-08-10,45,120,True
5249,1431,208,2024-03-24,45,80,True
5250,1056,209,2024-05-27,60,60,True
5251,1577,216,2024-03-17,60,60,False
5252,1268,211,2024-04-09,90,40,False
5253,1069,205,2024-08-19,90,60,True
5254,1728,218,2024-07-29,45,80,True
5255,1902,242,2024-03-06,45,80,True
5256,1601,240,2024-07-27,30,60,True
5257,1449,228,2024-06-27,60,80,True
5258,1793,205,2024-06-28,45,40,False
5259,1257,224,2024-04-04,60,60,False
5260,1672,223,2024-06-21,30,60,True
5261,1490,224,2024-03-29,30,60,True
5262,1746,215,2024-03-07,30,120,False
5263,1643,215,2024-04-22,30,80,True
5264,1049,205,2024-08-12,60,60,True
5265,1659,236,2024-03-23,30,60,True
5266,1316,220,2024-06-05,30,40,True
5267,1413,203,2024-07-14,30,60,True
5268,1434,233,2024-05-15,60,80,True
5269,1002,227,2024-08-23,60,120,True
5270,1841,237,2024-03-10,30,80,True
5271,1952,240,2024-06-25,60,60,True
5272,1145,227,2024-03-24,45,60,True
5273,1956,216,2024-08-22,30,40,True
5274,1366,213,2024-04-08,60,40,True
5275,1420,206,2024-05-05,30,60,True
5276,1573,221,2024-03-06,60,60,True
5277,1785,200,2024-03-21,30,60,True
5278,1561,228,2024-05-12,90,80,False
5279,1844,230,2024-05-13,30,80,True
5280,1444,229,2024-04-05,45,60,True
5281,1916,214,2024-07-09,90,80,True
5282,1434,217,2024-08-17,30,40,True
5283,1643,234,2024-08-20,45,60,True
5284,1555,249,2024-04-13,45,80,True
5285,1057,229,2024-05-30,45,60,False
5286,1562,233,2024-08-08,30,120,True
5287,1964,241,2024-04-29,30,40,False
5288,1977,210,2024-06-01,60,60,True
5289,1178,226,2024-05-22,45,60,True
5290,1293,223,2024-05-22,60,80,False
5291,1046,234,2024-05-16,30,80,True
5292,1170,238,2024-03-26,45,80,False
5293,1271,207,2024-03-21,45,80,False
5294,1417,217,2024-06-28,45,60,False
5295,1848,212,2024-07-08,45,60,True
5296,1139,244,2024-08-22,30,80,True
5297,1247,223,2024-06-16,30,60,False
5298,1148,222,2024-08-05,30,120,True
5299,1230,211,2024-03-27,45,40,True
5300,1792,248,2024-05-10,30,60,True
5301,1637,229,2024-07-26,60,60,True
5302,1704,230,2024-04-19,45,80,True
5303,1374,227,2024-06-03,45,120,True
5304,1080,221,2024-03-23,45,60,True
5305,1606,243,2024-07-19,30,40,True
5306,1738,227,2024-05-20,45,60,True
5307,1065,212,2024-07-10,90,60,False
5308,1088,224,2024-07-20,60,120,True
5309,1088,243,2024-03-20,60,60,True
5310,1713,245,2024-07-02,60,60,True
5311,1726,206,2024-03-13,45,60,True
5312,1204,244,2024-03-03,30,60,True
5313,1913,205,2024-08-22,60,80,False
5314,1382,223,2024-07-09,30,40,False
5315,1601,218,2024-07-07,45,60,False
5316,1476,218,2024-05-29,60,120,True
5317,1573,235,2024-07-30,60,40,True
5318,1783,208,2024-04-04,45,80,True
5319,1606,247,2024-03-14,45,60,True
5320,1819,235,2024-07-19,60,60,True
5321,1539,237,2024-08-22,60,40,True
5322,1214,239,2024-04-19,60,60,True
5323,1074,228,2024-05-17,90,60,True
5324,1061,223,2024-08-01,30,40,True
5325,1698,247,2024-03-03,45,60,True
5326,1543,204,2024-08-26,30,40,False
5327,1219,241,2024-04-09,30,80,True
5328,1012,244,2024-08-11,90,120,True
5329,1814,225,2024-04-20,90,40,True
5330,1415,213,2024-03-01,30,40,False
5331,1032,238,2024-06-12,30,80,True
5332,1160,228,2024-08-08,30,80,False
5333,1237,205,2024-07-13,60,40,True
5334,1739,206,2024-06-25,30,60,False
5335,1181,236,2024-06-24,30,40,True
5336,1829,217,2024-04-21,30,40,True
5337,1558,222,2024-06-28,45,120,True
5338,1341,243,2024-07-17,90,80,True
5339,1458,237,2024-08-02,30,80,False
5340,1080,200,2024-07-20,45,40,True
5341,1647,203,2024-05-25,30,40,True
5342,1772,243,2024-04-15,45,80,False
5343,1987,246,2024-05-15,60,40,True
5344,1820,234,2024-03-10,30,60,False
5345,1759,222,2024-07-30,30,60,True
5346,1473,226,2024-04-30,60,60,False
5347,1671,225,2024-03-18,30,60,True
5348,1715,207,2024-05-25,60,60,True
5349,1112,242,2024-07-15,45,80,True
5350,1980,215,2024-07-23,30,80,True
5351,1292,240,2024-07-06,60,40,True
5352,1950,202,2024-06-12,60,80,True
5353,1822,231,2024-07-19,45,40,False
5354,1631,204,2024-08-25,30,60,False
5355,1383,219,2024-06-09,45,80,False
5356,1017,213,2024-03-06,45,60,False
5357,1493,231,2024-05-24,45,60,False
5358,1331,225,2024-04-20,60,80,False
5359,1926,246,2024-04-05,30,120,False
5360,1739,205,2024-05-10,45,60,True
5361,1873,235,2024-06-08,45,40,False
5362,1486,239,2024-03-25,45,60,False
5363,1406,204,2024-07-17,60,60,True
5364,1117,212,2024-04-13,30,60,True
5365,1555,231,2024-03-14,45,60,True
5366,1880,215,2024-03-29,90,80,False
5367,1115,200,2024-05-13,45,40,False
5368,1795,212,2024-04-19,45,60,True
5369,1549,210,2024-03-05,45,60,True
5370,1814,207,2024-06-18,90,60,True
5371,1625,224,2024-06-30,90,120,True
5372,1547,239,2024-05-27,45,60,True
5373,1644,231,2024-04-26,30,80,True
5374,1336,223,2024-03-26,90,80,False
5375,1336,227,2024-03-06,45,80,True
5376,1981,213,2024-07-22,45,40,True
5377,1922,244,2024-04-29,60,120,False
5378,1889,202,2024-06-08,45,40,True
5379,1740,235,2024-03-12,30,40,True
5380,1147,226,2024-05-14,60,60,True
5381,1122,219,2024-03-03,45,40,True
5382,1081,246,2024-05-02,45,40,False
5383,1685,214,2024-07-12,30,60,False
5384,1666,226,2024-03-19,45,40,True
5385,1662,244,2024-03-18,30,80,True
5386,1375,240,2024-05-19,45,40,True
5387,1570,227,2024-08-18,60,60,True
5388,1063,224,2024-05-12,60,120,False
5389,1504,241,2024-07-09,45,60,True
5390,1668,243,2024-07-04,60,80,True
5391,1449,245,2024-05-11,60,120,False
5392,1428,232,2024-04-07,60,40,False
5393,1868,245,2024-05-07,30,60,True
5394,1427,213,2024-08-19,60,80,False
5395,1421,207,2024-05-19,45,120,True
5396,1322,247,2024-04-11,30,80,True
5397,1913,213,2024-05-03,30,40,True
5398,1680,200,2024-05-17,60,120,True
5399,1166,215,2024-07-05,30,40,True
5400,1597,217,2024-06-13,30,60,True
5401,1957,206,2024-05-15,60,60,True
5402,1649,214,2024-08-12,60,60,True
5403,1461,223,2024-07-10,60,80,True
5404,1459,248,2024-07-08,30,80,True
5405,1189,212,2024-06-30,30,80,True
5406,1464,208,2024-04-13,60,40,True
5407,1912,214,2024-06-10,30,60,True
5408,1379,234,2024-05-01,60,80,False
5409,1002,223,2024-03-01,30,60,True
5410,1618,232,2024-03-17,90,120,True
5411,1364,215,2024-03-16,45,80,True
5412,1072,207,2024-03-09,30,80,False
5413,1427,228,2024-04-28,60,40,False
5414,1638,222,2024-06-27,30,80,True
5415,1170,244,2024-07-15,45,120,True
5416,1205,230,2024-07-18,60,60,True
5417,1825,239,2024-06-27,45,80,False
5418,1337,248,2024-04-10,45,60,True
5419,1999,213,2024-07-21,45,60,False
5420,1472,229,2024-05-05,30,80,True
5421,1195,238,2024-05-14,30,80,True
5422,1670,226,2024-03-11,60,80,False
5423,1653,246,2024-03-08,60,40,False
5424,1275,215,2024-07-12,30,60,True
5425,1007,205,2024-07-26,30,80,True
5426,1905,232,2024-08-14,90,40,True
5427,1979,243,2024-06-07,90,60,True
5428,1566,217,2024-05-11,45,40,True
5429,1616,215,2024-06-21,60,40,True
5430,1854,211,2024-06-15,60,80,True
5431,1850,219,2024-04-03,30,80,True
5432,1573,244,2024-04-26,30,40,True
5433,1599,239,2024-06-25,30,40,True
5434,1770,228,2024-06-28,60,40,True
5435,1178,229,2024-07-25,60,60,True
5436,1242,225,2024-05-10,60,40,True
5437,1203,221,2024-08-06,30,60,True
5438,1543,232,2024-04-09,60,80,True
5439,1801,238,2024-07-20,60,80,True
5440,1462,246,2024-06-11,60,60,True
5441,1080,228,2024-07-02,30,80,True
5442,1523,221,2024-07-01,60,120,True
5443,1417,244,2024-06-08,30,60,False
5444,1766,212,2024-08-12,60,60,False
5445,1384,208,2024-08-19,60,60,True
5446,1391,223,2024-07-15,30,40,True
5447,1896,214,2024-04-27,60,80,True
5448,1799,235,2024-07-26,30,80,True
5449,1688,212,2024-06-17,60,60,True
5450,1126,226,2024-06-29,30,80,True
5451,1494,243,2024-05-31,60,80,True
5452,1047,236,2024-04-19,90,40,False
5453,1718,206,2024-07-26,45,40,True
5454,1476,207,2024-06-13,45,80,True
5455,1949,236,2024-08-11,45,120,False
5456,1619,240,2024-06-25,30,80,True
5457,1464,213,2024-03-27,45,120,True
5458,1787,211,2024-04-01,60,60,True
5459,1849,235,2024-03-01,90,40,True
5460,1123,239,2024-03-17,60,60,True
5461,1474,216,2024-07-15,45,40,True
5462,1134,239,2024-05-23,60,80,True
5463,1619,228,2024-04-14,60,120,True
5464,1817,226,2024-05-05,45,80,False
5465,1841,200,2024-04-01,30,60,True
5466,1562,233,2024-04-14,45,60,True
5467,1849,203,2024-03-09,60,40,False
5468,1607,223,2024-03-30,45,60,True
5469,1780,220,2024-05-23,60,80,True
5470,1023,232,2024-08-13,30,60,True
5471,1566,206,2024-04-29,90,120,True
5472,1886,200,2024-03-01,45,80,True
5473,1766,240,2024-03-05,60,40,True
5474,1965,202,2024-05-02,30,40,False
5475,1235,243,2024-08-11,30,80,True
5476,1996,214,2024-05-04,60,40,True
5477,1059,230,2024-05-17,90,80,True
5478,1164,215,2024-07-30,45,60,True
5479,1771,209,2024-07-10,30,40,True
5480,1826,228,2024-06-22,45,60,True
5481,1216,205,2024-03-25,30,60,True
5482,1183,228,2024-07-13,30,80,True
5483,1569,216,2024-07-19,60,40,False
5484,1657,221,2024-04-12,90,80,False
5485,1935,223,2024-04-26,30,80,True
5486,1090,216,2024-08-11,45,80,True
5487,1964,220,2024-07-20,30,40,True
5488,1311,249,2024-05-11,30,80,False
5489,1557,210,2024-03-27,30,60,True
5490,1972,206,2024-07-06,45,60,True
5491,1257,241,2024-06-14,30,80,False
5492,1533,238,2024-08-12,45,60,True
5493,1979,204,2024-05-10,30,80,False
5494,1533,243,2024-07-31,30,40,True
5495,1052,247,2024-05-06,30,80,True
5496,1338,220,2024-05-29,60,40,True
5497,1171,217,2024-03-04,60,80,False
5498,1948,234,2024-06-14,60,120,True
5499,1067,219,2024-05-18,45,60,True
5500,1625,214,2024-06-04,45,60,True
5501,1300,204,2024-06-01,45,80,False
5502,1672,212,2024-05-13,30,40,True
5503,1778,211,2024-07-04,60,60,True
5504,1832,220,2024-03-16,45,60,False
5505,1232,236,2024-07-25,45,80,False
5506,1975,205,2024-08-04,45,80,True
5507,1837,206,2024-06-24,45,80,True
5508,1068,225,2024-08-26,90,80,True
5509,1506,241,2024-03-18,45,80,True
5510,1028,247,2024-08-19,60,60,True
5511,1949,207,2024-03-16,45,60,True
5512,1628,208,2024-07-08,90,60,True
5513,1051,226,2024-04-25,45,120,True
5514,1693,203,2024-05-18,60,80,True
5515,1260,220,2024-06-11,30,60,True
5516,1591,230,2024-03-28,60,80,True
5517,1785,220,2024-03-05,30,60,False
5518,1620,239,2024-06-14,45,80,True
5519,1963,224,2024-03-22,60,60,True
5520,1586,238,2024-06-25,90,60,True
5521,1687,214,2024-06-08,45,80,True
5522,1184,234,2024-03-13,60,80,False
5523,1023,248,2024-05-04,30,60,True
5524,1786,242,2024-07-22,60,60,True
5525,1129,240,2024-05-25,60,80,True
5526,1291,236,2024-05-03,45,80,False
5527,1832,241,2024-04-01,60,80,True
5528,1501,246,2024-05-19,60,60,True
5529,1186,227,2024-04-20,30,120,True
5530,1479,213,2024-05-18,60,80,True
5531,1571,203,2024-08-21,30,80,True
5532,1492,219,2024-08-27,60,80,True
5533,1513,233,2024-06-14,60,40,True
5534,1643,211,2024-05-02,30,40,True
5535,1067,232,2024-05-15,60,80,True
5536,1805,223,2024-04-29,45,60,True
5537,1467,219,2024-05-04,45,80,True
5538,1285,204,2024-06-25,30,60,True
5539,1601,237,2024-05-20,30,60,True
5540,1417,229,2024-06-13,60,60,False
5541,1100,223,2024-07-06,30,80,True
5542,1189,242,2024-05-10,45,60,True
5543,1989,239,2024-05-25,60,80,True
5544,1890,206,2024-08-01,30,60,True
5545,1858,235,2024-07-18,45,80,True
5546,1388,237,2024-05-10,45,40,True
5547,1241,215,2024-04-15,60,40,True
5548,1782,214,2024-04-16,45,80,False
5549,1731,245,2024-05-18,45,60,True
5550,1417,222,2024-08-13,45,40,True
5551,1918,211,2024-07-27,60,120,False
5552,1176,228,2024-07-20,30,60,True
5553,1387,243,2024-07-08,90,60,False
5554,1471,247,2024-07-05,60,40,True
5555,1853,214,2024-06-17,60,60,True
5556,1233,228,2024-06-27,45,60,True
5557,1663,244,2024-06-09,45,60,False
5558,1452,242,2024-08-08,90,80,False
5559,1277,248,2024-03-06,30,60,True
5560,1229,220,2024-07-04,30,80,True
5561,1171,214,2024-06-11,30,40,True
5562,1735,213,2024-04-06,90,60,True
5563,1213,241,2024-07-20,60,40,False
5564,1282,243,2024-04-06,45,80,True
5565,1041,215,2024-03-08,60,80,True
5566,1122,214,2024-05-16,45,80,False
5567,1227,241,2024-07-19,60,60,False
5568,1294,203,2024-04-09,45,80,True
5569,1600,226,2024-06-15,60,80,True
5570,1267,222,2024-05-31,30,40,False
5571,1541,228,2024-03-18,30,60,True
5572,1759,240,2024-04-26,45,60,True
5573,1828,208,2024-05-22,45,80,True
5574,1451,242,2024-08-13,60,40,False
5575,1449,242,2024-04-01,45,80,True
5576,1756,206,2024-03-25,30,60,True
5577,1061,241,2024-04-02,45,60,True
5578,1502,203,2024-05-27,45,60,False
5579,1147,204,2024-08-05,30,60,True
5580,1686,204,2024-06-12,45,40,False
5581,1945,210,2024-04-03,45,40,True
5582,1790,240,2024-06-10,45,80,False
5583,1334,227,2024-07-05,30,60,False
5584,1881,215,2024-05-08,90,60,False
5585,1953,240,2024-08-23,60,40,False
5586,1891,229,2024-04-09,30,60,True
5587,1142,203,2024-08-26,60,40,True
5588,1044,201,2024-05-19,60,60,False
5589,1144,245,2024-07-19,45,60,False
5590,1865,202,2024-03-31,60,60,True
5591,1333,249,2024-06-24,30,120,True
5592,1998,220,2024-08-14,60,60,True
5593,1497,205,2024-05-02,45,60,True
5594,1396,242,2024-04-17,30,60,True
5595,1055,217,2024-05-26,45,40,False
5596,1307,243,2024-04-17,90,80,True
5597,1870,204,2024-04-30,60,60,True
5598,1423,208,2024-07-18,45,40,True
5599,1417,219,2024-05-17,30,80,True
5600,1673,227,2024-03-18,45,40,True
5601,1797,225,2024-08-02,30,120,True
5602,1325,217,2024-03-28,30,80,True
5603,1710,218,2024-05-19,45,60,True
5604,1671,202,2024-08-27,60,40,True
5605,1080,208,2024-03-16,60,40,True
5606,1031,235,2024-05-16,30,60,True
5607,1985,230,2024-07-15,45,40,True
5608,1112,248,2024-03-26,90,60,False
5609,1558,216,2024-03-28,60,120,True
5610,1865,222,2024-06-13,60,60,True
5611,1717,233,2024-05-16,90,80,True
5612,1564,240,2024-08-11,60,80,False
5613,1650,240,2024-03-09,30,80,True
5614,1472,204,2024-08-22,45,40,True
5615,1074,214,2024-04-20,90,60,True
5616,1553,246,2024-05-15,45,80,True
5617,1479,202,2024-06-30,30,80,True
5618,1589,218,2024-04-01,45,120,True
5619,1387,227,2024-04-26,60,80,False
5620,1699,202,2024-04-23,90,40,True
5621,1882,237,2024-06-24,45,60,True
5622,1564,203,2024-07-22,45,40,True
5623,1930,223,2024-05-01,60,80,False
5624,1433,230,2024-05-23,45,60,True
5625,1412,244,2024-04-25,30,80,True
5626,1467,244,2024-03-23,90,120,True
5627,1599,210,2024-03-17,45,80,True
5628,1621,236,2024-08-13,45,60,False
5629,1992,200,2024-08-05,60,40,False
5630,1909,208,2024-05-17,30,80,True
5631,1737,216,2024-03-22,90,40,True
5632,1994,200,2024-06-16,45,40,True
5633,1993,202,2024-03-17,45,40,True
5634,1248,246,2024-03-15,30,60,True
5635,1581,225,2024-06-22,45,40,True
5636,1120,230,2024-04-17,60,120,True
5637,1067,225,2024-08-07,60,120,False
5638,1573,222,2024-06-21,90,120,True
5639,1956,229,2024-08-15,45,40,False
5640,1327,209,2024-06-05,60,120,False
5641,1920,207,2024-05-30,45,120,True
5642,1703,243,2024-03-16,60,120,True
5643,1470,224,2024-08-03,60,80,False
5644,1493,221,2024-06-06,45,80,False
5645,1701,214,2024-06-19,45,40,True
5646,1663,240,2024-03-01,30,80,True
5647,1286,209,2024-04-10,45,40,True
5648,1956,219,2024-04-17,90,60,False
5649,1914,240,2024-08-06,30,120,False
5650,1608,246,2024-08-11,30,60,False
5651,1312,222,2024-06-16,30,40,False
5652,1309,200,2024-08-08,60,120,True
5653,1775,201,2024-08-08,45,120,True
5654,1097,218,2024-06-11,30,40,True
5655,1965,213,2024-07-06,45,80,True
5656,1113,207,2024-07-29,60,60,True
5657,1988,237,2024-03-30,45,60,False
5658,1637,211,2024-04-14,60,60,False
5659,1456,225,2024-05-19,45,40,True
5660,1463,226,2024-04-08,45,60,True
5661,1948,228,2024-04-14,30,40,True
5662,1132,214,2024-05-17,30,120,True
5663,1930,245,2024-05-20,45,80,True
5664,1965,200,2024-07-18,45,80,True
5665,1929,242,2024-06-01,60,80,False
5666,1121,227,2024-04-01,30,40,True
5667,1197,202,2024-03-24,30,120,False
5668,1806,217,2024-06-24,60,80,True
5669,1482,233,2024-03-13,45,60,True
5670,1634,231,2024-07-26,60,40,True
5671,1794,228,2024-05-18,60,80,False
5672,1897,224,2024-04-25,45,80,False
5673,1772,225,2024-04-22,60,80,True
5674,1039,238,2024-05-07,45,40,False
5675,1566,207,2024-04-03,30,40,True
5676,1512,218,2024-03-28,45,60,True
5677,1474,246,2024-04-19,45,80,True
5678,1161,241,2024-07-08,45,40,False
5679,1289,221,2024-06-19,45,60,True
5680,1200,228,2024-06-02,45,60,True
5681,1788,232,2024-08-01,30,80,True
5682,1528,237,2024-08-26,30,60,True
5683,1917,244,2024-04-16,30,60,False
5684,1685,245,2024-03-26,30,80,True
5685,1503,234,2024-05-23,45,120,True
5686,1248,242,2024-06-14,45,40,True
5687,1383,202,2024-05-31,30,60,False
5688,1218,218,2024-06-28,60,120,True
5689,1087,209,2024-05-14,60,60,True
5690,1082,226,2024-06-30,45,80,True
5691,1062,214,2024-07-29,60,80,False
5692,1799,210,2024-08-12,45,60,True
5693,1500,246,2024-04-10,30,80,True
5694,1042,225,2024-04-21,90,80,False
5695,1012,223,2024-05-21,30,60,True
5696,1833,212,2024-08-24,90,40,True
5697,1746,231,2024-08-02,45,120,True
5698,1841,236,2024-07-12,45,60,True
5699,1643,203,2024-05-13,45,80,True
5700,1115,212,2024-05-05,45,80,False
5701,1218,208,2024-03-24,30,60,True
5702,1649,248,2024-08-13,45,80,True
5703,1106,233,2024-03-28,60,120,False
5704,1691,236,2024-08-03,45,60,False
5705,1528,247,2024-06-25,30,60,True
5706,1472,206,2024-06-22,45,120,True
5707,1754,200,2024-04-30,60,40,True
5708,1846,211,2024-08-21,45,40,True
5709,1893,220,2024-05-08,45,120,True
5710,1387,210,2024-06-22,90,80,True
5711,1226,243,2024-05-14,45,120,True
5712,1481,243,2024-08-18,45,40,True
5713,1754,243,2024-04-28,60,40,True
5714,1408,213,2024-07-08,60,40,True
5715,1457,233,2024-03-15,30,80,True
5716,1653,233,2024-06-13,30,80,True
5717,1898,224,2024-08-12,60,60,True
5718,1711,203,2024-07-26,30,40,True
5719,1624,225,2024-06-06,90,80,True
5720,1639,215,2024-04-04,30,60,False
5721,1021,209,2024-08-09,45,40,True
5722,1659,244,2024-03-31,30,120,True
5723,1601,201,2024-07-05,60,40,True
5724,1815,234,2024-03-19,60,80,True
5725,1918,218,2024-03-24,60,80,True
5726,1203,205,2024-05-23,90,60,True
5727,1417,218,2024-08-14,30,40,True
5728,1416,207,2024-05-31,30,60,True
5729,1448,213,2024-08-14,60,80,False
5730,1512,209,2024-07-23,60,60,True
5731,1085,202,2024-07-25,60,80,True
5732,1167,237,2024-06-26,60,120,True
5733,1384,228,2024-08-23,45,120,False
5734,1468,214,2024-08-10,30,60,False
5735,1072,222,2024-08-07,90,80,True
5736,1810,222,2024-08-22,45,120,True
5737,1997,217,2024-04-16,45,60,True
5738,1521,245,2024-08-21,60,60,True
5739,1793,218,2024-06-11,30,40,True
5740,1473,227,2024-06-29,60,40,True
5741,1993,225,2024-08-10,30,80,False
5742,1258,209,2024-06-02,60,60,True
5743,1275,246,2024-07-23,60,80,False
5744,1750,203,2024-04-11,45,80,True
5745,1020,201,2024-06-19,45,80,True
5746,1490,202,2024-03-29,30,80,True
5747,1745,206,2024-07-02,45,40,True
5748,1490,215,2024-03-17,45,80,True
5749,1733,230,2024-03-14,45,60,True
5750,1326,209,2024-07-30,30,60,False
5751,1529,218,2024-04-19,30,40,True
5752,1892,227,2024-04-26,30,120,True
5753,1089,216,2024-06-12,60,120,True
5754,1486,227,2024-04-08,30,60,False
5755,1708,218,2024-06-04,60,60,True
5756,1350,236,2024-04-05,60,80,True
5757,1084,222,2024-06-22,60,60,True
5758,1387,219,2024-04-06,60,40,True
5759,1087,212,2024-03-14,30,80,False
5760,1307,212,2024-08-02,60,40,True
5761,1850,242,2024-07-01,45,60,True
5762,1154,210,2024-05-22,60,60,True
5763,1440,247,2024-08-06,60,60,True
5764,1740,214,2024-05-12,30,40,True
5765,1960,216,2024-06-10,45,60,True
5766,1264,249,2024-05-20,45,60,True
5767,1977,227,2024-05-22,60,60,True
5768,1735,218,2024-04-13,30,80,True
5769,1421,203,2024-05-07,30,120,True
5770,1493,221,2024-04-17,45,40,True
5771,1633,221,2024-04-26,45,80,False
5772,1993,236,2024-05-14,90,60,False
5773,1411,238,2024-03-22,60,60,True
5774,1173,233,2024-07-10,45,60,True
5775,1004,232,2024-04-15,30,60,True
5776,1854,243,2024-08-09,30,80,False
5777,1640,241,2024-03-11,45,60,False
5778,1986,239,2024-03-31,60,60,True
5779,1992,232,2024-07-17,45,80,True
5780,1472,211,2024-06-28,45,40,True
5781,1110,201,2024-04-25,60,40,True
5782,1867,227,2024-04-07,90,40,True
5783,1037,209,2024-03-21,30,40,True
5784,1992,221,2024-06-18,30,60,False
5785,1583,216,2024-06-02,45,60,True
5786,1801,225,2024-07-16,60,60,True
5787,1031,202,2024-08-01,90,40,True
5788,1951,206,2024-07-14,30,80,True
5789,1381,243,2024-03-08,30,80,False
5790,1268,207,2024-05-11,60,120,True
5791,1011,219,2024-06-27,60,120,True
5792,1344,211,2024-04-03,90,120,True
5793,1840,234,2024-07-22,45,80,True
5794,1544,216,2024-06-13,45,80,True
5795,1569,227,2024-07-19,30,40,False
5796,1166,240,2024-05-26,30,80,True
5797,1700,209,2024-07-28,45,40,True
5798,1342,221,2024-08-02,45,80,False
5799,1482,237,2024-05-03,30,60,True
5800,1019,232,2024-03-02,60,80,True
5801,1628,221,2024-06-17,30,40,True
5802,1980,243,2024-03-26,60,60,True
5803,1184,236,2024-05-22,30,60,False
5804,1782,212,2024-06-15,60,60,True
5805,1545,226,2024-05-08,30,60,True
5806,1010,214,2024-06-05,60,40,True
5807,1592,221,2024-03-30,30,60,True
5808,1192,229,2024-03-08,45,60,True
5809,1320,242,2024-04-07,60,80,True
5810,1702,239,2024-05-20,30,60,False
5811,1580,236,2024-06-16,30,60,True
5812,1475,233,2024-05-04,60,120,True
5813,1860,243,2024-05-06,60,60,True
5814,1637,233,2024-08-21,30,60,True
5815,1427,247,2024-05-29,30,60,True
5816,1848,234,2024-06-03,30,80,True
5817,1059,241,2024-05-11,30,60,True
5818,1436,218,2024-04-12,90,60,True
5819,1097,207,2024-04-15,45,80,True
5820,1496,238,2024-07-03,45,40,True
5821,1787,232,2024-08-10,90,80,True
5822,1661,243,2024-04-08,45,60,False
5823,1278,227,2024-04-20,60,60,True
5824,1265,236,2024-03-04,45,80,False
5825,1009,247,2024-06-29,45,60,True
5826,1457,224,2024-05-19,45,80,False
5827,1795,235,2024-05-16,30,120,True
5828,1273,216,2024-08-26,30,60,True
5829,1940,223,2024-07-11,30,120,False
5830,1813,220,2024-04-24,30,40,True
5831,1008,201,2024-03-20,45,80,True
5832,1208,230,2024-07-30,45,60,False
5833,1914,243,2024-08-11,45,60,True
5834,1637,232,2024-04-03,30,40,True
5835,1123,229,2024-06-30,60,60,True
5836,1033,211,2024-06-17,30,40,True
5837,1513,243,2024-07-04,45,120,True
5838,1204,211,2024-04-23,60,80,False
5839,1518,248,2024-08-09,30,40,True
5840,1809,223,2024-07-23,60,40,True
5841,1951,223,2024-07-11,60,80,True
5842,1517,210,2024-05-28,30,60,False
5843,1443,212,2024-07-24,30,40,True
5844,1592,226,2024-04-22,90,60,False
5845,1786,207,2024-04-19,30,60,True
5846,1689,209,2024-05-11,60,40,False
5847,1850,207,2024-08-20,45,80,True
5848,1833,219,2024-07-19,30,80,True
5849,1339,207,2024-03-16,30,40,True
5850,1438,208,2024-03-13,45,120,True
5851,1445,206,2024-03-20,45,60,True
5852,1136,213,2024-05-05,60,60,True
5853,1387,227,2024-04-16,90,40,True
5854,1025,201,2024-07-25,60,40,True
5855,1506,242,2024-08-20,30,60,True
5856,1325,207,2024-08-12,60,40,True
5857,1695,212,2024-06-30,60,60,False
5858,1680,220,2024-04-23,90,40,False
5859,1979,246,2024-03-06,45,80,True
5860,1338,227,2024-03-14,60,80,True
5861,1690,234,2024-07-10,45,60,True
5862,1885,222,2024-05-25,45,80,True
5863,1095,245,2024-08-09,90,120,True
5864,1545,214,2024-03-27,30,80,True
5865,1623,201,2024-03-07,30,60,True
5866,1146,211,2024-07-09,60,60,False
5867,1893,235,2024-08-22,30,80,True
5868,1953,202,2024-03-02,60,40,True
5869,1231,204,2024-05-19,60,60,True
5870,1784,202,2024-07-31,30,60,True
5871,1848,246,2024-04-29,45,80,True
5872,1495,218,2024-03-24,60,80,True
5873,1038,201,2024-03-15,45,60,False
5874,1425,243,2024-06-03,90,40,True
5875,1647,236,2024-07-20,60,120,False
5876,1846,216,2024-07-12,45,40,True
5877,1747,213,2024-05-20,30,40,True
5878,1437,227,2024-03-18,90,60,False
5879,1831,226,2024-03-20,45,80,True
5880,1368,209,2024-06-23,30,80,True
5881,1345,202,2024-04-09,60,120,False
5882,1160,235,2024-04-08,60,40,True
5883,1550,237,2024-08-27,60,60,True
5884,1662,224,2024-04-01,45,60,False
5885,1912,221,2024-07-02,60,80,True
5886,1820,247,2024-06-16,60,60,True
5887,1541,238,2024-03-27,60,40,True
5888,1144,246,2024-06-18,90,80,True
5889,1588,229,2024-08-27,45,60,True
5890,1657,220,2024-06-05,60,60,False
5891,1741,229,2024-05-13,90,80,True
5892,1576,227,2024-03-17,30,60,True
5893,1859,230,2024-04-18,30,40,False
5894,1345,225,2024-05-20,60,60,True
5895,1269,242,2024-06-24,30,60,True
5896,1840,221,2024-03-23,30,40,True
5897,1696,220,2024-06-06,30,80,True
5898,1773,200,2024-05-11,45,40,False
5899,1268,236,2024-07-19,30,120,True
5900,1169,212,2024-07-29,45,40,True
5901,1771,220,2024-04-26,90,60,True
5902,1739,245,2024-07-26,60,60,True
5903,1033,208,2024-05-25,60,80,True
5904,1377,216,2024-08-27,30,60,True
5905,1214,246,2024-03-23,60,80,True
5906,1562,220,2024-06-13,60,80,False
5907,1440,230,2024-08-10,60,120,True
5908,1492,238,2024-05-06,30,80,True
5909,1393,221,2024-04-03,45,40,False
5910,1489,211,2024-04-02,60,80,True
5911,1722,205,2024-04-15,60,120,True
5912,1946,215,2024-05-20,60,120,False
5913,1029,225,2024-08-20,45,40,True
5914,1039,204,2024-07-25,45,80,True
5915,1859,208,2024-05-26,60,40,True
5916,1612,245,2024-03-15,30,60,False
5917,1173,239,2024-07-01,60,80,True
5918,1017,213,2024-06-29,90,120,True
5919,1056,243,2024-05-17,60,60,True
5920,1226,241,2024-05-05,30,80,True
5921,1558,229,2024-04-08,30,40,False
5922,1067,225,2024-03-18,60,40,True
5923,1197,244,2024-08-07,60,60,True
5924,1654,228,2024-03-21,45,60,True
5925,1835,218,2024-08-15,45,80,True
5926,1023,246,2024-03-27,30,60,False
5927,1999,207,2024-03-02,60,60,True
5928,1606,222,2024-06-05,60,60,True
5929,1754,241,2024-04-08,90,60,True
5930,1237,234,2024-04-25,45,120,True
5931,1957,230,2024-06-15,60,60,True
5932,1919,234,2024-07-05,45,60,True
5933,1923,231,2024-03-13,45,80,False
5934,1566,204,2024-07-04,60,60,True
5935,1138,215,2024-04-25,30,80,True
5936,1473,216,2024-03-28,45,40,True
5937,1845,231,2024-05-03,60,40,False
5938,1784,237,2024-05-10,45,120,True
5939,1553,231,2024-08-16,30,80,True
5940,1610,219,2024-06-27,45,60,True
5941,1695,247,2024-06-08,45,80,True
5942,1640,201,2024-04-10,90,120,False
5943,1229,219,2024-03-04,30,40,True
5944,1317,246,2024-08-05,60,40,False
5945,1598,217,2024-05-27,30,60,False
5946,1768,200,2024-05-23,30,40,True
5947,1721,228,2024-04-15,30,40,False
5948,1727,228,2024-08-06,60,80,True
5949,1886,218,2024-05-27,30,40,True
5950,1612,243,2024-03-07,60,80,False
5951,1561,239,2024-05-16,45,60,True
5952,1201,205,2024-07-14,90,60,True
5953,1948,243,2024-08-19,60,80,True
5954,1258,238,2024-07-19,60,60,False
5955,1480,249,2024-06-01,60,40,True
5956,1888,245,2024-03-20,60,40,True
5957,1178,207,2024-05-17,60,80,True
5958,1757,223,2024-08-07,30,40,False
5959,1123,219,2024-08-25,30,40,True
5960,1342,213,2024-03-27,60,120,True
5961,1171,204,2024-06-28,45,120,True
5962,1845,240,2024-03-25,45,60,True
5963,1648,239,2024-04-21,45,40,True
5964,1059,233,2024-03-21,45,80,True
5965,1705,215,2024-03-18,60,80,True
5966,1465,244,2024-04-08,30,40,True
5967,1780,206,2024-03-15,90,40,True
5968,1260,215,2024-04-22,90,80,True
5969,1373,206,2024-04-07,90,120,True
5970,1973,226,2024-08-23,45,80,True
5971,1095,213,2024-04-21,45,40,True
5972,1125,213,2024-05-11,90,60,True
5973,1041,243,2024-03-28,90,80,True
5974,1891,232,2024-07-22,60,40,True
5975,1254,232,2024-06-26,45,40,True
5976,1007,243,2024-07-22,45,60,True
5977,1471,219,2024-04-04,60,60,False
5978,1728,246,2024-07-23,30,60,True
5979,1511,235,2024-06-07,60,80,False
5980,1581,206,2024-04-21,60,80,True
5981,1069,231,2024-07-18,60,120,True
5982,1081,247,2024-05-22,45,80,False
5983,1542,202,2024-04-17,45,60,True
5984,1585,238,2024-03-22,90,60,True
5985,1262,228,2024-07-01,60,60,False
5986,1089,223,2024-07-05,60,40,True
5987,1915,221,2024-08-24,60,120,True
5988,1208,205,2024-04-21,60,40,True
5989,1213,247,2024-05-18,60,60,False
5990,1834,223,2024-07-07,45,60,False
5991,1266,239,2024-05-05,45,60,True
5992,1912,222,2024-05-03,45,80,True
5993,1293,237,2024-03-08,30,60,False
5994,1207,209,2024-03-25,30,40,True
5995,1333,215,2024-06-02,30,40,True
5996,1077,210,2024-08-26,60,120,True
5997,1288,231,2024-03-15,30,60,True
5998,1047,244,2024-08-25,30,60,True
5999,1622,205,2024-06-30,30,60,False
6000,1200,223,2024-05-14,60,40,False
6001,1427,232,2024-06-12,30,60,True
6002,1210,211,2024-04-07,45,80,True
6003,1888,226,2024-08-15,30,80,True
6004,1420,237,2024-06-23,60,80,True
6005,1154,217,2024-04-08,90,40,True
6006,1522,244,2024-06-16,90,60,True
6007,1415,238,2024-03-17,45,40,True
6008,1353,212,2024-07-13,60,40,True
6009,1157,239,2024-06-26,45,60,True
6010,1261,229,2024-04-08,45,60,True
6011,1077,248,2024-04-04,45,80,True
6012,1769,240,2024-04-20,30,80,True
6013,1983,212,2024-04-16,60,80,True
6014,1488,233,2024-04-05,30,80,True
6015,1131,235,2024-05-03,45,40,True
6016,1579,229,2024-06-03,45,60,True
6017,1455,224,2024-06-13,45,60,True
6018,1740,201,2024-03-13,60,60,True
6019,1163,235,2024-07-24,60,40,True
6020,1015,217,2024-07-27,60,40,False
6021,1232,204,2024-06-20,45,60,True
6022,1195,218,2024-05-04,30,80,True
6023,1861,241,2024-03-08,45,80,True
6024,1542,217,2024-04-17,90,60,True
6025,1359,231,2024-05-24,90,60,True
6026,1850,220,2024-04-12,60,60,True
6027,1331,209,2024-05-24,30,80,True
6028,1427,236,2024-08-02,30,40,True
6029,1497,248,2024-03-19,45,80,False
6030,1828,221,2024-03-23,60,60,True
6031,1486,212,2024-06-23,60,40,True
6032,1808,216,2024-04-19,60,40,True
6033,1449,208,2024-08-26,60,40,True
6034,1413,223,2024-04-12,30,60,True
6035,1330,243,2024-06-07,30,80,True
6036,1732,213,2024-06-12,30,60,True
6037,1889,245,2024-06-24,45,60,True
6038,1991,207,2024-04-20,30,120,True
6039,1147,236,2024-06-14,60,40,True
6040,1259,218,2024-06-20,60,40,True
6041,1292,227,2024-08-16,45,60,True
6042,1811,245,2024-05-11,30,80,True
6043,1143,240,2024-07-17,30,80,True
6044,1993,229,2024-05-19,60,60,True
6045,1937,206,2024-08-27,45,120,True
6046,1747,225,2024-07-29,45,80,False
6047,1627,239,2024-04-18,60,40,True
6048,1365,245,2024-08-13,45,80,False
6049,1090,245,2024-04-16,45,40,True
6050,1720,210,2024-05-11,60,80,True
6051,1164,213,2024-03-07,60,40,True
6052,1481,220,2024-05-05,60,80,True
6053,1084,207,2024-05-16,45,60,True
6054,1077,202,2024-05-01,45,80,True
6055,1673,227,2024-08-04,60,60,False
6056,1517,228,2024-04-07,45,80,True
6057,1485,222,2024-07-03,60,60,True
6058,1590,217,2024-05-23,60,120,True
6059,1603,234,2024-08-08,90,80,True
6060,1599,212,2024-03-29,30,40,True
6061,1782,211,2024-06-22,30,120,True
6062,1104,246,2024-05-18,30,60,True
6063,1452,249,2024-03-23,60,80,True
6064,1487,204,2024-06-14,45,80,True
6065,1339,238,2024-07-09,30,40,True
6066,1687,210,2024-06-09,30,120,True
6067,1566,210,2024-08-20,45,60,False
6068,1900,246,2024-03-08,30,40,False
6069,1478,241,2024-05-25,30,80,True
6070,1723,246,2024-06-25,60,80,True
6071,1607,230,2024-03-29,30,40,True
6072,1223,230,2024-03-02,30,40,True
6073,1009,212,2024-06-21,60,80,True
6074,1053,213,2024-08-25,60,40,False
6075,1077,248,2024-05-04,45,120,True
6076,1718,244,2024-06-16,30,80,True
6077,1503,241,2024-03-20,60,60,True
6078,1316,224,2024-08-27,45,60,False
6079,1814,232,2024-04-06,30,60,False
6080,1822,232,2024-05-11,30,60,True
6081,1842,214,2024-03-27,30,80,True
6082,1624,215,2024-08-22,45,120,True
6083,1863,243,2024-07-01,60,60,True
6084,1165,237,2024-07-12,60,60,True
6085,1279,205,2024-04-14,45,40,False
6086,1027,243,2024-08-19,45,80,True
6087,1070,224,2024-05-22,60,80,True
6088,1218,214,2024-07-24,45,80,True
6089,1962,203,2024-06-28,30,40,True
6090,1365,203,2024-05-04,60,80,True
6091,1701,229,2024-03-25,60,60,True
6092,1845,233,2024-03-27,45,80,True
6093,1947,226,2024-07-13,60,80,True
6094,1306,230,2024-08-19,45,80,False
6095,1124,231,2024-06-14,45,60,True
6096,1019,243,2024-08-04,30,80,True
6097,1257,238,2024-04-13,60,40,True
6098,1296,208,2024-06-15,60,80,True
6099,1928,240,2024-04-05,60,40,False
6100,1022,207,2024-07-25,30,60,True
6101,1880,213,2024-03-06,30,40,True
6102,1989,232,2024-07-31,45,80,False
6103,1450,222,2024-08-06,45,60,True
6104,1552,220,2024-03-09,45,80,True
6105,1550,211,2024-08-12,90,80,True
6106,1048,201,2024-08-02,60,80,True
6107,1695,212,2024-03-13,45,40,True
6108,1587,203,2024-04-10,30,80,True
6109,1721,219,2024-07-06,30,60,True
6110,1183,249,2024-05-05,60,40,True
6111,1435,247,2024-05-24,60,40,True
6112,1107,213,2024-03-24,60,60,False
6113,1188,229,2024-04-13,45,40,False
6114,1776,228,2024-06-14,30,60,True
6115,1086,207,2024-06-06,90,40,True
6116,1836,211,2024-04-29,90,60,True
6117,1843,240,2024-03-09,45,40,False
6118,1456,237,2024-07-08,30,60,False
6119,1137,225,2024-04-25,45,120,False
6120,1858,249,2024-08-05,60,60,False
6121,1898,201,2024-03-22,60,60,True
6122,1336,239,2024-05-20,60,60,True
6123,1607,213,2024-06-08,30,40,True
6124,1838,205,2024-03-13,30,40,True
6125,1757,241,2024-05-10,30,40,True
6126,1469,239,2024-03-16,90,120,True
6127,1602,230,2024-04-14,45,80,False
6128,1571,216,2024-05-04,60,80,True
6129,1403,224,2024-07-17,30,120,False
6130,1540,231,2024-05-09,90,120,True
6131,1072,211,2024-07-26,60,80,True
6132,1782,248,2024-06-07,30,80,True
6133,1024,212,2024-06-09,60,60,True
6134,1624,218,2024-06-13,30,40,True
6135,1812,243,2024-07-18,30,60,True
6136,1485,247,2024-06-02,30,60,False
6137,1056,224,2024-04-11,90,120,True
6138,1986,230,2024-05-22,90,60,True
6139,1223,236,2024-07-11,45,80,False
6140,1632,224,2024-06-13,60,60,True
6141,1179,215,2024-08-02,60,40,True
6142,1800,237,2024-03-28,60,60,True
6143,1434,242,2024-03-26,30,60,True
6144,1937,248,2024-06-24,45,60,True
6145,1450,222,2024-04-18,60,60,True
6146,1793,213,2024-07-27,30,40,True
6147,1884,205,2024-03-01,45,60,True
6148,1492,224,2024-05-31,60,80,True
6149,1189,222,2024-04-27,30,60,True
6150,1578,242,2024-05-18,90,60,False
6151,1810,211,2024-05-20,30,40,True
6152,1961,212,2024-03-26,90,40,True
6153,1420,235,2024-07-31,30,60,False
6154,1249,238,2024-05-16,30,60,False
6155,1588,233,2024-08-08,30,60,False
6156,1649,205,2024-05-11,60,80,False
6157,1164,237,2024-05-08,60,40,True
6158,1745,249,2024-03-06,30,40,True
6159,1255,239,2024-03-23,30,60,True
6160,1476,207,2024-08-05,60,60,True
6161,1806,207,2024-04-23,45,60,True
6162,1417,239,2024-05-26,60,80,True
6163,1170,232,2024-03-11,30,80,True
6164,1317,233,2024-08-06,60,40,True
6165,1174,243,2024-07-12,60,120,True
6166,1470,214,2024-03-11,90,40,True
6167,1345,235,2024-05-16,60,80,True
6168,1445,234,2024-03-12,30,80,True
6169,1018,245,2024-04-22,30,80,False
6170,1070,221,2024-06-07,60,60,False
6171,1338,222,2024-04-05,45,60,True
6172,1628,239,2024-07-23,60,60,False
6173,1592,244,2024-03-28,60,40,True
6174,1527,221,2024-07-28,45,40,True
6175,1688,204,2024-06-10,45,60,True
6176,1456,230,2024-03-07,45,60,True
6177,1269,212,2024-03-15,30,80,False
6178,1631,227,2024-07-17,30,40,True
6179,1811,219,2024-03-24,45,80,False
6180,1188,232,2024-03-30,30,40,True
6181,1569,215,2024-05-05,30,80,False
6182,1711,228,2024-04-30,30,60,False
6183,1529,222,2024-05-17,30,60,True
6184,1434,223,2024-04-10,30,80,True
6185,1288,233,2024-05-21,60,60,True
6186,1918,206,2024-04-20,45,40,False
6187,1567,237,2024-08-19,45,60,True
6188,1499,236,2024-06-03,60,40,True
6189,1441,203,2024-03-13,90,60,True
6190,1781,233,2024-05-29,30,60,True
6191,1303,241,2024-07-18,45,80,True
6192,1087,221,2024-05-21,30,80,True
6193,1830,204,2024-03-09,45,40,False
6194,1438,249,2024-04-17,90,80,True
6195,1541,241,2024-04-18,60,60,True
6196,1022,222,2024-04-22,60,60,True
6197,1833,214,2024-04-09,45,60,True
6198,1797,230,2024-06-15,60,80,False
6199,1560,208,2024-03-24,30,60,True
6200,1517,242,2024-06-16,45,80,True
6201,1762,224,2024-04-02,45,40,True
6202,1675,224,2024-03-23,45,120,False
6203,1503,248,2024-05-16,30,80,False
6204,1714,220,2024-04-23,60,60,True
6205,1467,208,2024-04-22,30,80,True
6206,1101,247,2024-04-18,30,60,True
6207,1583,237,2024-05-17,45,40,True
6208,1942,221,2024-05-19,30,40,True
6209,1675,242,2024-08-24,60,40,False
6210,1685,222,2024-06-10,60,80,False
6211,1141,248,2024-06-30,60,60,False
6212,1138,203,2024-06-11,45,60,True
6213,1578,228,2024-05-29,60,40,True
6214,1710,214,2024-05-29,60,60,True
6215,1840,200,2024-08-07,45,60,True
6216,1228,229,2024-06-29,45,80,True
6217,1281,228,2024-07-27,60,120,True
6218,1684,219,2024-07-24,30,60,True
6219,1828,232,2024-04-29,45,60,True
6220,1431,240,2024-06-30,30,60,True
6221,1040,243,2024-07-19,30,80,True
6222,1519,235,2024-07-30,30,40,True
6223,1686,221,2024-03-30,45,60,True
6224,1663,212,2024-07-08,60,80,True
6225,1211,206,2024-05-22,30,40,True
6226,1302,207,2024-06-19,60,60,False
6227,1086,227,2024-06-16,45,80,False
6228,1397,244,2024-06-19,90,40,True
6229,1253,242,2024-03-25,90,60,True
6230,1533,208,2024-04-19,60,60,True
6231,1769,224,2024-03-14,90,60,True
6232,1891,215,2024-07-12,60,40,True
6233,1915,209,2024-05-15,60,120,True
6234,1381,210,2024-05-23,30,40,True
6235,1444,230,2024-05-26,45,80,True
6236,1033,211,2024-08-05,60,40,False
6237,1260,230,2024-03-30,45,60,True
6238,1234,213,2024-08-13,60,40,True
6239,1515,243,2024-04-27,60,40,False
6240,1859,231,2024-06-02,30,40,False
6241,1308,249,2024-04-10,60,60,True
6242,1739,216,2024-06-02,30,60,False
6243,1796,234,2024-04-26,45,40,True
6244,1070,200,2024-08-11,45,120,True
6245,1454,228,2024-05-03,30,60,True
6246,1439,203,2024-06-06,45,60,True
6247,1825,222,2024-03-16,45,40,True
6248,1364,227,2024-05-27,30,60,True
6249,1983,215,2024-05-17,60,80,True
6250,1766,211,2024-05-29,60,60,True
6251,1481,220,2024-05-11,45,60,True
6252,1144,244,2024-03-14,30,40,False
6253,1024,216,2024-03-31,60,80,True
6254,1965,239,2024-05-05,60,40,True
6255,1425,212,2024-06-20,30,60,True
6256,1746,231,2024-05-07,30,40,True
6257,1845,236,2024-04-24,60,60,True
6258,1175,249,2024-07-01,60,40,True
6259,1844,214,2024-08-15,30,80,False
6260,1325,211,2024-07-31,45,80,True
6261,1869,248,2024-03-25,45,60,True
6262,1671,214,2024-07-09,60,40,True
6263,1860,233,2024-05-08,30,60,True
6264,1348,205,2024-06-10,45,60,True
6265,1798,216,2024-06-26,30,60,False
6266,1018,247,2024-03-26,90,40,False
6267,1044,248,2024-04-09,60,120,True
6268,1155,219,2024-04-07,60,60,True
6269,1867,208,2024-08-13,60,120,False
6270,1922,204,2024-03-07,45,40,True
6271,1377,222,2024-08-05,90,40,True
6272,1743,232,2024-06-28,30,40,False
6273,1883,237,2024-07-25,60,80,True
6274,1828,213,2024-04-04,30,60,True
6275,1402,216,2024-08-08,45,80,True
6276,1225,218,2024-08-08,45,80,True
6277,1217,232,2024-05-17,60,80,True
6278,1568,200,2024-04-07,60,80,False
6279,1031,212,2024-07-16,45,80,True
6280,1869,245,2024-03-28,45,80,True
6281,1059,226,2024-06-08,90,60,True
6282,1892,205,2024-04-07,30,80,True
6283,1898,205,2024-07-22,60,80,True
6284,1353,232,2024-07-02,60,60,False
6285,1935,229,2024-07-27,45,120,True
6286,1445,245,2024-05-31,30,40,True
6287,1235,234,2024-06-05,45,60,True
6288,1107,222,2024-03-06,30,40,False
6289,1191,209,2024-08-16,30,40,True
6290,1992,218,2024-07-05,30,80,True
6291,1530,227,2024-03-15,45,120,True
6292,1913,222,2024-06-16,60,80,True
6293,1738,203,2024-07-09,60,120,False
6294,1679,219,2024-04-12,30,40,True
6295,1583,218,2024-04-16,45,40,True
6296,1874,241,2024-06-07,45,60,False
6297,1566,226,2024-03-14,45,80,False
6298,1245,233,2024-08-04,60,40,True
6299,1995,203,2024-07-10,45,120,True
6300,1862,237,2024-08-01,60,80,True
6301,1076,206,2024-06-23,45,120,True
6302,1547,247,2024-07-18,60,60,False
6303,1267,206,2024-03-02,45,60,False
6304,1317,249,2024-07-23,60,80,True
6305,1812,225,2024-04-04,90,80,True
6306,1121,225,2024-03-10,60,40,True
6307,1836,218,2024-06-20,60,120,True
6308,1025,208,2024-08-18,30,80,False
6309,1432,219,2024-03-21,90,40,True
6310,1160,241,2024-03-15,30,40,True
6311,1596,244,2024-08-10,30,60,True
6312,1114,249,2024-06-20,30,60,False
6313,1735,215,2024-07-04,90,80,True
6314,1900,216,2024-05-24,60,40,False
6315,1502,221,2024-05-24,90,80,False
6316,1166,212,2024-08-19,60,80,True
6317,1703,211,2024-03-05,45,40,True
6318,1175,209,2024-06-25,90,60,True
6319,1001,200,2024-07-24,90,40,True
6320,1899,231,2024-07-27,45,40,False
6321,1741,229,2024-05-11,30,60,True
6322,1086,207,2024-05-13,60,120,True
6323,1574,220,2024-04-20,90,40,True
6324,1320,221,2024-08-16,60,60,True
6325,1401,217,2024-03-24,60,60,True
6326,1382,201,2024-07-30,90,60,True
6327,1718,247,2024-04-07,60,60,True
6328,1617,243,2024-04-13,60,80,True
6329,1318,208,2024-08-09,60,40,True
6330,1803,202,2024-05-14,30,120,True
6331,1250,225,2024-06-03,60,40,True
6332,1525,220,2024-03-23,45,80,False
6333,1675,229,2024-07-02,60,80,True
6334,1555,227,2024-05-25,45,60,True
6335,1898,235,2024-04-12,30,40,True
6336,1952,225,2024-04-09,30,60,True
6337,1623,233,2024-04-16,60,80,True
6338,1717,207,2024-08-16,45,80,False
6339,1896,209,2024-08-22,45,60,True
6340,1256,247,2024-03-20,30,60,True
6341,1307,242,2024-06-17,45,80,True
6342,1950,249,2024-05-07,30,120,True
6343,1144,213,2024-03-24,45,80,True
6344,1658,239,2024-04-05,45,80,True
6345,1391,214,2024-04-14,45,60,False
6346,1813,216,2024-07-08,45,80,True
6347,1676,217,2024-03-28,30,80,True
6348,1169,231,2024-08-01,60,80,False
6349,1990,237,2024-03-23,45,60,False
6350,1298,222,2024-08-11,30,60,False
6351,1233,245,2024-05-30,30,60,True
6352,1903,222,2024-07-12,45,60,True
6353,1271,234,2024-08-10,30,60,False
6354,1060,238,2024-06-11,30,80,True
6355,1296,214,2024-04-07,60,60,True
6356,1467,223,2024-08-10,60,40,True
6357,1235,227,2024-06-02,45,80,True
6358,1677,215,2024-04-22,60,80,False
6359,1706,215,2024-04-07,30,60,False
6360,1234,239,2024-04-12,90,40,False
6361,1368,238,2024-06-11,30,120,True
6362,1695,205,2024-06-22,60,80,True
6363,1845,201,2024-03-04,30,40,False
6364,1232,212,2024-03-05,60,40,False
6365,1873,243,2024-05-07,45,60,True
6366,1491,246,2024-07-01,30,80,True
6367,1619,208,2024-08-20,60,40,False
6368,1503,233,2024-05-19,30,60,True
6369,1890,216,2024-07-31,60,60,True
6370,1735,226,2024-03-11,60,80,True
6371,1592,228,2024-08-04,30,60,True
6372,1746,236,2024-08-09,45,60,True
6373,1381,242,2024-07-20,30,120,True
6374,1696,221,2024-06-28,60,60,True
6375,1428,223,2024-07-30,45,60,True
6376,1697,206,2024-08-14,45,80,True
6377,1646,233,2024-03-26,90,60,True
6378,1732,247,2024-08-18,30,80,True
6379,1800,211,2024-04-05,90,40,True
6380,1364,222,2024-08-14,60,40,True
6381,1202,214,2024-07-22,30,120,True
6382,1882,232,2024-06-30,45,60,True
6383,1146,212,2024-04-28,60,80,True
6384,1836,222,2024-06-04,45,40,True
6385,1639,237,2024-03-06,30,40,True
6386,1457,231,2024-06-06,30,80,True
6387,1135,244,2024-04-25,60,60,True
6388,1626,249,2024-07-14,60,60,False
6389,1264,234,2024-06-02,45,40,False
6390,1064,200,2024-03-27,30,60,True
6391,1491,246,2024-08-02,60,80,True
6392,1647,244,2024-06-28,90,80,False
6393,1041,204,2024-08-21,30,80,True
6394,1296,212,2024-08-16,30,80,True
6395,1003,204,2024-03-25,60,60,True
6396,1913,231,2024-05-25,60,60,True
6397,1706,220,2024-07-24,60,80,False
6398,1975,223,2024-03-12,90,40,True
6399,1110,217,2024-05-26,60,40,True
6400,1221,220,2024-08-26,30,120,False
6401,1370,209,2024-06-17,60,40,True
6402,1368,223,2024-08-14,60,40,True
6403,1436,239,2024-05-28,90,60,True
6404,1918,246,2024-03-10,30,80,True
6405,1004,220,2024-05-13,45,60,False
6406,1244,224,2024-05-16,60,60,False
6407,1902,222,2024-04-23,45,120,False
6408,1166,221,2024-08-04,45,80,True
6409,1026,203,2024-06-10,60,80,True
6410,1395,233,2024-08-16,45,40,False
6411,1474,205,2024-07-15,60,40,True
6412,1017,227,2024-08-12,60,60,False
6413,1728,230,2024-07-20,30,40,True
6414,1092,234,2024-06-09,90,40,False
6415,1483,238,2024-05-12,60,40,True
6416,1543,241,2024-05-11,45,60,True
6417,1205,222,2024-08-14,45,80,True
6418,1502,205,2024-08-15,90,80,True
6419,1931,215,2024-04-23,30,40,True
6420,1400,201,2024-03-03,45,60,True
6421,1207,223,2024-06-19,45,40,True
6422,1619,216,2024-08-08,30,60,True
6423,1146,244,2024-06-04,45,60,True
6424,1879,200,2024-05-10,90,60,False
6425,1101,205,2024-03-19,60,80,True
6426,1880,204,2024-04-03,45,80,True
6427,1830,244,2024-04-19,45,80,True
6428,1880,249,2024-08-22,60,80,True
6429,1241,228,2024-04-15,30,80,False
6430,1923,211,2024-05-22,60,80,False
6431,1759,238,2024-04-20,60,60,False
6432,1163,246,2024-04-23,60,60,True
6433,1884,202,2024-05-29,45,80,True
6434,1173,247,2024-05-20,45,40,True
6435,1502,200,2024-06-26,30,80,True
6436,1547,226,2024-08-03,45,120,True
6437,1284,247,2024-03-19,45,80,True
6438,1359,223,2024-03-27,90,40,True
6439,1381,243,2024-08-23,60,60,False
6440,1870,218,2024-07-25,90,80,False
6441,1905,207,2024-08-26,60,120,True
6442,1972,243,2024-03-07,30,60,True
6443,1911,246,2024-08-04,60,80,False
6444,1533,201,2024-08-18,30,80,True
6445,1820,229,2024-05-08,30,40,False
6446,1163,229,2024-06-02,45,80,True
6447,1609,248,2024-06-21,60,60,False
6448,1307,238,2024-06-15,60,60,True
6449,1339,244,2024-06-28,30,60,True
6450,1055,231,2024-07-14,30,80,True
6451,1983,200,2024-08-17,30,80,True
6452,1333,237,2024-04-11,30,60,False
6453,1127,212,2024-03-13,30,80,True
6454,1940,210,2024-08-01,60,80,True
6455,1705,209,2024-03-18,60,80,True
6456,1243,247,2024-04-11,45,60,False
6457,1861,225,2024-04-20,60,40,False
6458,1600,219,2024-06-21,30,60,True
6459,1848,216,2024-07-22,90,80,True
6460,1409,216,2024-06-09,45,40,True
6461,1503,203,2024-03-03,60,120,True
6462,1727,204,2024-05-18,90,80,True
6463,1604,222,2024-06-06,60,80,True
6464,1303,245,2024-08-20,30,80,False
6465,1464,209,2024-07-28,60,60,True
6466,1235,245,2024-03-23,30,80,True
6467,1696,227,2024-04-28,30,60,True
6468,1038,232,2024-06-21,30,80,True
6469,1139,242,2024-05-07,90,80,True
6470,1195,225,2024-04-23,90,80,True
6471,1527,249,2024-04-26,30,80,True
6472,1769,247,2024-07-29,45,40,False
6473,1647,228,2024-06-19,90,40,True
6474,1001,226,2024-04-29,45,80,True
6475,1561,217,2024-05-12,45,60,False
6476,1096,239,2024-04-24,45,60,True
6477,1713,209,2024-06-25,60,60,True
6478,1413,241,2024-05-02,45,40,True
6479,1538,204,2024-04-24,60,40,False
6480,1855,209,2024-03-25,45,80,False
6481,1429,249,2024-03-26,30,80,True
6482,1235,220,2024-08-24,45,60,True
6483,1349,223,2024-05-02,30,120,True
6484,1756,237,2024-08-20,45,40,False
6485,1870,202,2024-05-12,30,60,True
6486,1481,239,2024-05-18,60,80,False
6487,1839,230,2024-08-14,45,80,True
6488,1396,240,2024-05-04,60,60,True
6489,1351,236,2024-05-08,90,120,True
6490,1416,201,2024-03-09,60,120,True
6491,1886,201,2024-08-03,90,40,True
6492,1916,238,2024-08-20,45,40,False
6493,1887,248,2024-03-26,30,80,True
6494,1051,241,2024-03-28,90,60,True
6495,1081,243,2024-04-09,60,40,True
6496,1036,233,2024-07-21,60,80,False
6497,1067,241,2024-07-12,60,60,False
6498,1641,219,2024-03-27,60,60,True
6499,1882,232,2024-04-07,30,40,True
6500,1667,203,2024-05-24,60,80,True
6501,1757,244,2024-05-03,30,60,True
6502,1623,243,2024-03-30,30,40,True
6503,1680,210,2024-06-07,45,60,True
6504,1481,241,2024-07-09,45,60,True
6505,1468,246,2024-03-12,30,120,True
6506,1142,204,2024-05-30,60,120,True
6507,1356,224,2024-03-30,60,60,True
6508,1709,248,2024-04-07,60,80,True
6509,1471,236,2024-05-24,45,80,True
6510,1621,233,2024-04-29,90,80,True
6511,1888,208,2024-04-07,30,60,False
6512,1591,205,2024-06-12,60,40,True
6513,1902,217,2024-07-21,30,80,True
6514,1673,213,2024-07-24,45,40,True
6515,1439,218,2024-08-27,45,40,False
6516,1531,213,2024-03-29,60,80,True
6517,1127,239,2024-06-20,30,120,False
6518,1205,216,2024-03-21,30,40,True
6519,1029,234,2024-07-23,45,80,True
6520,1445,228,2024-07-24,45,60,True
6521,1966,241,2024-06-27,60,80,True
6522,1719,216,2024-08-12,45,60,True
6523,1464,242,2024-04-29,45,40,True
6524,1280,207,2024-08-13,30,60,False
6525,1151,200,2024-07-18,30,60,True
6526,1240,244,2024-06-21,45,40,True
6527,1266,235,2024-07-07,60,40,True
6528,1694,206,2024-04-27,30,80,True
6529,1105,245,2024-03-03,30,60,True
6530,1937,204,2024-07-27,45,80,True
6531,1433,223,2024-03-23,30,40,True
6532,1913,227,2024-07-15,45,80,True
6533,1497,242,2024-05-22,45,60,True
6534,1440,216,2024-04-24,30,40,True
6535,1748,236,2024-06-18,30,60,True
6536,1685,219,2024-06-24,60,40,False
6537,1158,202,2024-07-25,60,80,False
6538,1172,236,2024-05-01,60,80,True
6539,1494,225,2024-05-26,45,60,True
6540,1970,214,2024-08-14,60,40,False
6541,1311,247,2024-06-08,90,60,True
6542,1403,207,2024-03-27,60,60,True
6543,1669,212,2024-08-21,30,80,True
6544,1770,247,2024-04-03,45,40,False
6545,1676,202,2024-04-02,45,40,True
6546,1659,200,2024-05-31,45,60,True
6547,1903,208,2024-06-04,45,60,True
6548,1666,230,2024-08-25,60,40,False
6549,1463,240,2024-07-26,60,60,True
6550,1367,225,2024-08-15,30,60,False
6551,1550,216,2024-06-03,30,60,False
6552,1643,233,2024-08-06,45,60,True
6553,1870,208,2024-04-07,30,80,True
6554,1255,212,2024-08-20,45,40,True
6555,1208,204,2024-04-10,45,40,False
6556,1450,240,2024-07-15,45,60,True
6557,1095,212,2024-07-15,90,60,False
6558,1860,200,2024-05-18,45,60,True
6559,1839,224,2024-07-06,30,80,True
6560,1478,246,2024-03-22,30,80,True
6561,1683,203,2024-03-16,45,40,True
6562,1762,235,2024-04-01,30,80,False
6563,1190,209,2024-07-20,60,60,True
6564,1711,227,2024-04-07,30,60,True
6565,1484,205,2024-06-06,45,120,True
6566,1733,226,2024-07-14,60,80,True
6567,1536,211,2024-03-21,30,120,True
6568,1756,247,2024-04-25,45,40,True
6569,1423,202,2024-04-15,45,40,False
6570,1836,245,2024-04-12,60,60,True
6571,1640,232,2024-06-28,45,80,True
6572,1605,209,2024-04-15,45,40,True
6573,1812,230,2024-04-17,60,80,True
6574,1133,214,2024-05-23,45,60,True
6575,1055,206,2024-03-31,45,60,False
6576,1989,235,2024-08-08,30,80,True
6577,1510,213,2024-08-19,60,80,True
6578,1670,247,2024-05-10,60,40,True
6579,1541,213,2024-03-08,90,120,True
6580,1410,202,2024-07-08,90,60,False
6581,1211,248,2024-07-23,60,40,True
6582,1666,245,2024-04-21,60,80,True
6583,1293,249,2024-04-14,60,120,True
6584,1987,202,2024-04-06,45,80,False
6585,1734,221,2024-08-17,45,80,False
6586,1115,218,2024-04-13,45,80,True
6587,1949,234,2024-06-25,45,120,True
6588,1670,211,2024-04-07,60,40,False
6589,1259,204,2024-06-07,45,80,True
6590,1763,209,2024-07-02,30,80,True
6591,1122,240,2024-03-06,30,40,True
6592,1299,232,2024-05-07,60,60,False
6593,1775,212,2024-08-26,60,60,True
6594,1381,234,2024-06-09,45,80,True
6595,1561,231,2024-08-10,45,40,False
6596,1889,210,2024-07-12,45,80,True
6597,1841,247,2024-03-13,30,40,False
6598,1501,237,2024-03-30,45,60,True
6599,1297,223,2024-06-08,60,80,False
6600,1362,234,2024-03-02,45,60,True
6601,1589,218,2024-04-27,45,60,True
6602,1463,205,2024-04-05,30,40,True
6603,1438,239,2024-05-11,45,80,True
6604,1127,244,2024-08-20,30,120,True
6605,1197,243,2024-07-15,45,120,True
6606,1221,241,2024-07-04,45,80,True
6607,1995,234,2024-05-16,60,40,True
6608,1091,203,2024-04-19,45,40,True
6609,1411,232,2024-04-01,45,40,True
6610,1008,212,2024-06-06,45,60,True
6611,1544,235,2024-04-12,60,40,False
6612,1468,242,2024-07-03,30,40,True
6613,1320,218,2024-06-03,60,80,True
6614,1394,242,2024-05-17,90,60,False
6615,1269,211,2024-04-23,30,80,True
6616,1191,210,2024-04-16,60,120,True
6617,1861,205,2024-03-14,60,80,True
6618,1675,211,2024-08-23,45,80,True
6619,1061,226,2024-04-24,60,80,True
6620,1438,240,2024-08-04,45,60,True
6621,1264,224,2024-08-22,45,40,False
6622,1797,241,2024-05-02,60,40,True
6623,1095,202,2024-03-19,60,60,True
6624,1553,202,2024-05-30,90,80,False
6625,1926,219,2024-07-15,30,120,True
6626,1470,227,2024-06-09,45,120,False
6627,1661,222,2024-04-06,30,40,True
6628,1716,247,2024-06-15,30,120,True
6629,1779,202,2024-05-31,45,60,True
6630,1514,241,2024-04-21,45,80,True
6631,1690,223,2024-03-28,30,40,True
6632,1937,242,2024-04-05,30,40,True
6633,1194,239,2024-06-24,45,60,True
6634,1482,205,2024-05-03,90,80,True
6635,1899,219,2024-03-18,60,40,True
6636,1336,210,2024-05-28,30,40,True
6637,1435,231,2024-08-10,60,120,True
6638,1196,226,2024-05-17,60,120,True
6639,1855,220,2024-08-14,60,40,True
6640,1249,243,2024-05-29,45,80,True
6641,1498,247,2024-03-08,45,60,True
6642,1212,249,2024-03-15,60,60,True
6643,1665,212,2024-03-07,30,60,True
6644,1670,221,2024-03-17,90,60,False
6645,1466,234,2024-05-25,60,60,True
6646,1874,246,2024-06-26,90,60,True
6647,1651,221,2024-05-03,45,60,False
6648,1221,227,2024-03-12,30,80,False
6649,1273,220,2024-04-25,45,80,False
6650,1154,245,2024-08-21,90,60,True
6651,1249,217,2024-08-22,45,40,True
6652,1279,230,2024-06-09,45,80,False
6653,1440,245,2024-03-16,45,80,False
6654,1948,236,2024-03-02,45,80,True
6655,1816,220,2024-07-06,30,60,True
6656,1276,213,2024-05-31,45,40,False
6657,1514,224,2024-06-13,60,80,True
6658,1088,226,2024-08-02,30,60,True
6659,1799,239,2024-03-31,60,120,True
6660,1923,222,2024-08-16,60,80,True
6661,1642,230,2024-08-11,60,60,True
6662,1505,246,2024-04-16,60,60,True
6663,1590,228,2024-04-12,30,80,False
6664,1772,246,2024-05-04,45,60,True
6665,1241,229,2024-04-19,60,60,True
6666,1653,225,2024-03-01,45,80,False
6667,1740,219,2024-07-22,45,80,True
6668,1675,237,2024-06-30,30,40,True
6669,1236,218,2024-03-28,60,60,True
6670,1128,226,2024-05-25,45,120,True
6671,1503,224,2024-05-21,45,120,True
6672,1200,239,2024-03-22,30,80,True
6673,1962,237,2024-04-10,90,120,False
6674,1902,222,2024-05-15,45,60,True
6675,1543,228,2024-07-25,60,60,True
6676,1502,214,2024-05-28,45,60,True
6677,1650,202,2024-08-25,60,40,True
6678,1492,209,2024-04-28,30,60,True
6679,1021,214,2024-05-08,60,60,True
6680,1234,215,2024-08-09,45,80,False
6681,1714,216,2024-08-14,45,80,True
6682,1791,218,2024-07-01,60,80,True
6683,1643,210,2024-05-13,60,60,True
6684,1416,247,2024-03-07,60,40,True
6685,1148,204,2024-06-09,60,60,True
6686,1970,204,2024-06-19,30,80,False
6687,1029,213,2024-08-27,90,60,True
6688,1361,249,2024-04-21,30,60,True
6689,1308,225,2024-03-24,60,60,False
6690,1883,207,2024-03-26,45,80,True
6691,1942,204,2024-07-03,45,80,False
6692,1162,206,2024-05-29,45,80,True
6693,1869,215,2024-06-30,45,60,True
6694,1852,213,2024-03-10,30,60,True
6695,1061,236,2024-03-17,45,40,True
6696,1125,240,2024-03-02,30,40,True
6697,1456,203,2024-06-20,45,40,True
6698,1071,235,2024-03-27,30,40,True
6699,1838,247,2024-05-10,30,40,True
6700,1907,216,2024-08-23,30,40,False
6701,1876,246,2024-06-26,45,40,True
6702,1466,235,2024-03-09,60,80,True
6703,1243,205,2024-05-25,90,120,True
6704,1490,215,2024-03-23,30,80,True
6705,1761,228,2024-05-12,60,40,True
6706,1221,235,2024-03-27,60,60,True
6707,1473,237,2024-06-01,45,80,False
6708,1959,236,2024-05-20,60,40,True
6709,1533,247,2024-05-23,30,80,True
6710,1494,247,2024-04-12,45,60,False
6711,1899,209,2024-03-07,45,120,False
6712,1082,240,2024-05-31,30,80,True
6713,1856,235,2024-05-22,60,80,True
6714,1879,228,2024-05-23,45,80,True
6715,1998,213,2024-04-13,30,40,True
6716,1522,203,2024-08-14,45,40,False
6717,1923,243,2024-04-09,60,60,True
6718,1012,241,2024-07-13,60,40,True
6719,1263,235,2024-03-25,60,40,True
6720,1657,249,2024-04-28,45,60,True
6721,1449,244,2024-07-19,45,80,True
6722,1192,212,2024-06-11,45,40,True
6723,1762,245,2024-05-25,30,60,True
6724,1114,217,2024-06-20,45,60,True
6725,1026,232,2024-05-25,45,60,True
6726,1783,220,2024-06-06,45,40,True
6727,1499,215,2024-05-01,90,120,True
6728,1508,214,2024-03-08,60,60,True
6729,1545,204,2024-06-21,30,60,False
6730,1062,205,2024-08-20,30,40,True
6731,1229,237,2024-07-24,30,60,True
6732,1815,202,2024-04-29,60,80,True
6733,1607,247,2024-04-29,60,40,True
6734,1035,211,2024-06-14,90,60,True
6735,1705,235,2024-03-02,45,40,True
6736,1456,232,2024-05-30,60,120,True
6737,1588,235,2024-03-14,45,40,True
6738,1891,232,2024-04-17,60,80,True
6739,1502,230,2024-06-11,60,60,True
6740,1761,220,2024-04-25,60,60,False
6741,1595,226,2024-03-12,45,80,True
6742,1025,226,2024-04-24,60,40,True
6743,1569,207,2024-08-03,45,60,True
6744,1032,236,2024-06-18,30,60,True
6745,1831,231,2024-03-04,30,40,True
6746,1012,225,2024-04-05,45,80,True
6747,1319,201,2024-08-25,45,40,False
6748,1845,211,2024-07-09,30,80,True
6749,1604,221,2024-03-01,30,60,True
6750,1001,216,2024-03-17,45,40,True
6751,1435,206,2024-05-01,45,80,True
6752,1838,242,2024-04-17,30,60,True
6753,1136,203,2024-05-01,30,60,False
6754,1196,236,2024-05-08,30,60,True
6755,1133,237,2024-07-25,30,40,False
6756,1985,231,2024-06-11,60,80,True
6757,1086,210,2024-06-18,30,60,False
6758,1476,200,2024-08-09,60,40,False
6759,1807,224,2024-08-24,45,80,True
6760,1791,241,2024-08-22,90,40,False
6761,1324,223,2024-05-30,30,60,True
6762,1180,242,2024-06-22,30,60,True
6763,1516,216,2024-08-25,30,80,True
6764,1638,207,2024-05-28,30,120,True
6765,1175,244,2024-08-01,60,80,False
6766,1763,226,2024-04-25,30,60,True
6767,1021,217,2024-05-17,30,80,True
6768,1997,226,2024-03-14,60,60,True
6769,1952,221,2024-03-25,45,60,False
6770,1105,215,2024-07-10,30,120,False
6771,1578,201,2024-04-01,30,40,True
6772,1443,204,2024-05-21,30,60,True
6773,1775,217,2024-05-17,90,80,True
6774,1049,202,2024-06-14,60,80,True
6775,1528,226,2024-03-20,60,40,True
6776,1145,216,2024-05-13,90,40,True
6777,1340,215,2024-03-10,45,60,True
6778,1762,205,2024-07-01,30,60,True
6779,1855,206,2024-04-03,45,60,True
6780,1354,249,2024-08-02,60,60,False
6781,1075,213,2024-04-09,60,120,False
6782,1802,237,2024-07-05,45,60,True
6783,1929,239,2024-04-02,45,60,True
6784,1794,214,2024-05-10,90,60,True
6785,1578,246,2024-07-15,30,40,True
6786,1637,246,2024-07-22,60,40,True
6787,1319,247,2024-07-11,30,120,False
6788,1087,232,2024-06-06,45,80,True
6789,1553,242,2024-07-02,30,40,True
6790,1982,226,2024-07-29,60,80,True
6791,1698,228,2024-04-12,45,40,True
6792,1866,236,2024-06-22,45,80,False
6793,1892,204,2024-05-28,60,40,True
6794,1847,228,2024-08-26,60,80,False
6795,1778,231,2024-03-13,60,40,True
6796,1783,205,2024-07-06,30,60,False
6797,1042,201,2024-07-30,60,80,False
6798,1093,205,2024-07-17,30,40,True
6799,1697,245,2024-04-21,30,60,False
6800,1727,242,2024-03-17,30,40,True
6801,1507,203,2024-08-12,45,80,False
6802,1529,228,2024-03-13,60,60,True
6803,1956,224,2024-05-23,30,60,True
6804,1265,208,2024-06-05,45,120,True
6805,1626,202,2024-06-14,60,60,True
6806,1292,225,2024-06-04,60,40,False
6807,1969,247,2024-03-08,60,80,True
6808,1464,242,2024-04-25,30,80,True
6809,1804,226,2024-06-12,60,120,True
6810,1560,235,2024-05-22,30,40,True
6811,1819,231,2024-04-13,90,60,True
6812,1097,200,2024-06-11,45,80,True
6813,1887,215,2024-06-20,60,80,True
6814,1095,247,2024-08-16,30,80,True
6815,1326,210,2024-07-27,30,60,True
6816,1074,225,2024-04-11,30,60,True
6817,1336,239,2024-08-04,45,40,False
6818,1068,200,2024-07-23,30,120,True
6819,1758,225,2024-03-30,60,40,True
6820,1918,227,2024-03-26,30,60,True
6821,1077,208,2024-07-03,60,60,True
6822,1208,243,2024-03-19,30,60,True
6823,1884,221,2024-04-22,30,60,True
6824,1766,207,2024-05-24,60,80,True
6825,1221,248,2024-03-17,60,60,True
6826,1262,241,2024-08-21,45,60,True
6827,1410,226,2024-06-12,30,60,True
6828,1331,238,2024-06-13,60,80,True
6829,1344,218,2024-06-12,45,120,True
6830,1989,224,2024-08-20,45,80,True
6831,1771,237,2024-08-24,60,80,False
6832,1820,220,2024-07-25,45,60,True
6833,1074,223,2024-07-02,30,80,True
6834,1637,223,2024-05-20,90,120,False
6835,1700,218,2024-04-06,60,60,True
6836,1254,249,2024-06-29,30,40,True
6837,1959,246,2024-05-09,45,120,True
6838,1833,201,2024-08-01,30,80,True
6839,1820,213,2024-07-08,60,60,False
6840,1747,231,2024-04-28,60,120,True
6841,1986,241,2024-06-26,30,60,True
6842,1762,231,2024-07-11,30,60,True
6843,1332,227,2024-04-06,30,80,False
6844,1398,247,2024-03-31,45,60,True
6845,1345,238,2024-06-07,60,80,False
6846,1584,239,2024-06-02,30,40,True
6847,1747,241,2024-08-23,30,40,False
6848,1836,246,2024-03-06,45,60,True
6849,1668,239,2024-03-15,30,60,True
6850,1455,212,2024-07-21,45,40,True
6851,1906,211,2024-03-16,45,120,False
6852,1115,207,2024-03-20,60,60,True
6853,1313,214,2024-05-16,90,40,True
6854,1228,225,2024-04-13,90,60,True
6855,1834,211,2024-08-17,45,80,True
6856,1858,242,2024-04-15,60,60,False
6857,1245,245,2024-06-03,90,40,True
6858,1818,226,2024-08-09,30,40,False
6859,1526,217,2024-05-03,30,60,True
6860,1528,244,2024-08-04,30,60,False
6861,1950,235,2024-07-09,45,80,True
6862,1427,248,2024-03-09,60,120,True
6863,1042,226,2024-07-31,45,40,True
6864,1465,208,2024-04-11,45,80,False
6865,1622,238,2024-08-21,45,120,True
6866,1278,200,2024-05-12,30,120,True
6867,1836,206,2024-05-23,45,120,False
6868,1019,225,2024-04-28,30,80,False
6869,1066,206,2024-03-21,30,60,False
6870,1167,206,2024-07-28,60,60,True
6871,1585,207,2024-08-04,60,60,True
6872,1403,215,2024-05-02,60,80,True
6873,1912,202,2024-05-12,60,60,True
6874,1822,244,2024-04-30,60,40,True
6875,1409,209,2024-05-03,60,40,True
6876,1112,249,2024-05-08,60,80,False
6877,1274,206,2024-08-15,60,80,True
6878,1407,220,2024-07-07,45,60,True
6879,1373,236,2024-06-14,45,60,True
6880,1597,230,2024-05-04,60,80,True
6881,1651,222,2024-06-30,30,40,True
6882,1039,226,2024-05-01,45,60,True
6883,1105,221,2024-06-11,45,60,True
6884,1324,238,2024-04-29,30,120,False
6885,1793,226,2024-04-15,90,60,True
6886,1959,248,2024-03-05,30,60,False
6887,1992,203,2024-06-21,45,80,True
6888,1414,223,2024-07-28,30,60,True
6889,1429,222,2024-05-09,60,40,True
6890,1635,247,2024-08-07,45,60,True
6891,1730,218,2024-03-11,60,120,True
6892,1889,241,2024-07-16,60,60,True
6893,1061,202,2024-08-14,45,80,False
6894,1612,226,2024-06-06,30,120,False
6895,1307,202,2024-03-31,30,80,True
6896,1354,227,2024-03-12,60,80,True
6897,1393,216,2024-06-16,60,80,True
6898,1204,230,2024-05-19,30,120,False
6899,1258,209,2024-08-13,30,120,True
6900,1486,248,2024-05-06,30,120,True
6901,1517,221,2024-04-21,60,80,True
6902,1446,229,2024-07-11,30,60,True
6903,1709,248,2024-07-17,30,40,True
6904,1180,220,2024-03-25,45,60,True
6905,1342,235,2024-04-04,60,120,True
6906,1133,222,2024-08-10,60,80,True
6907,1443,237,2024-03-22,45,60,True
6908,1836,211,2024-08-12,60,60,False
6909,1253,224,2024-06-04,45,60,True
6910,1265,219,2024-06-25,90,60,True
6911,1093,248,2024-03-20,30,80,True
6912,1662,248,2024-06-14,60,60,True
6913,1411,241,2024-03-04,45,40,True
6914,1138,206,2024-03-18,30,60,True
6915,1208,228,2024-04-20,60,40,True
6916,1637,247,2024-03-20,30,120,True
6917,1746,228,2024-06-30,45,60,True
6918,1573,212,2024-07-15,45,120,True
6919,1307,202,2024-05-19,30,40,True
6920,1266,201,2024-08-01,45,40,True
6921,1646,215,2024-06-10,45,80,True
6922,1318,229,2024-03-25,60,80,True
6923,1113,237,2024-08-16,60,60,True
6924,1901,205,2024-04-28,30,40,True
6925,1378,244,2024-04-14,45,40,False
6926,1454,206,2024-04-10,60,80,True
6927,1191,204,2024-04-07,30,40,True
6928,1891,206,2024-06-25,45,60,True
6929,1440,233,2024-03-19,60,80,False
6930,1187,231,2024-03-14,60,40,True
6931,1831,248,2024-07-05,30,40,False
6932,1367,212,2024-07-27,45,40,False
6933,1089,229,2024-07-21,45,120,True
6934,1187,224,2024-03-03,90,60,True
6935,1819,220,2024-04-06,30,120,True
6936,1946,220,2024-06-25,90,60,True
6937,1132,227,2024-08-21,45,80,True
6938,1872,247,2024-03-16,30,40,True
6939,1635,219,2024-07-20,45,60,True
6940,1560,233,2024-03-09,60,80,True
6941,1800,204,2024-03-07,30,80,False
6942,1376,217,2024-07-20,30,80,True
6943,1691,238,2024-07-12,60,80,False
6944,1692,242,2024-03-15,90,40,True
6945,1099,210,2024-08-27,45,60,True
6946,1842,216,2024-05-11,30,60,True
6947,1034,247,2024-08-09,60,80,False
6948,1932,244,2024-06-12,60,60,True
6949,1582,221,2024-07-07,30,120,False
6950,1171,236,2024-06-04,90,60,True
6951,1366,219,2024-06-30,30,80,False
6952,1784,247,2024-06-23,60,60,False
6953,1059,247,2024-07-26,45,60,False
6954,1181,247,2024-05-19,45,80,True
6955,1019,245,2024-03-07,30,60,True
6956,1226,205,2024-07-13,60,120,True
6957,1473,233,2024-04-19,90,80,True
6958,1095,213,2024-07-08,45,60,True
6959,1881,247,2024-04-16,45,80,True
6960,1297,222,2024-03-14,30,80,True
6961,1593,219,2024-03-31,60,80,False
6962,1175,212,2024-04-19,90,40,True
6963,1222,246,2024-04-10,60,60,True
6964,1615,243,2024-03-14,45,80,True
6965,1054,240,2024-07-11,90,80,False
6966,1695,231,2024-03-05,30,60,True
6967,1863,225,2024-08-04,45,40,False
6968,1403,249,2024-03-05,45,60,True
6969,1318,213,2024-06-21,45,40,False
6970,1867,235,2024-06-26,60,80,True
6971,1349,207,2024-06-04,60,80,True
6972,1443,239,2024-04-05,30,60,True
6973,1833,221,2024-05-18,45,80,False
6974,1580,221,2024-03-19,45,60,True
6975,1540,215,2024-03-22,45,80,False
6976,1786,226,2024-08-09,30,40,True
6977,1282,209,2024-04-25,30,60,True
6978,1360,224,2024-03-17,60,80,True
6979,1915,230,2024-03-17,60,40,True
6980,1823,220,2024-07-24,90,60,True
6981,1631,226,2024-08-20,90,60,False
6982,1892,216,2024-05-17,60,40,False
6983,1953,232,2024-04-25,30,60,True
6984,1646,230,2024-05-19,60,40,False
6985,1641,249,2024-04-19,45,120,True
6986,1008,241,2024-04-27,60,80,True
6987,1993,225,2024-03-18,45,60,True
6988,1563,220,2024-07-13,60,80,True
6989,1491,235,2024-05-15,45,40,True
6990,1341,200,2024-03-10,30,60,True
6991,1472,203,2024-05-08,45,60,True
6992,1793,203,2024-05-24,30,40,False
6993,1687,225,2024-07-09,90,80,True
6994,1695,203,2024-05-22,45,40,False
6995,1704,248,2024-06-17,45,80,False
6996,1249,208,2024-04-13,90,60,True
6997,1235,229,2024-07-20,60,40,True
6998,1083,244,2024-07-10,45,80,True
6999,1093,203,2024-03-18,30,60,False
7000,1885,204,2024-06-01,45,60,False
